time_h,forcing
0.000000000000000000e+00,3.354626279025118532e-04
1.000000000000000000e+00,8.838263069350499584e-04
2.000000000000000000e+00,2.187491118182885094e-03
3.000000000000000000e+00,5.086069231012700642e-03
4.000000000000000000e+00,1.110899653824230608e-02
5.000000000000000000e+00,2.279418088361234371e-02
6.000000000000000000e+00,4.393693362340741343e-02
7.000000000000000000e+00,7.955950871822768666e-02
8.000000000000000000e+00,1.353352832366127023e-01
9.000000000000000000e+00,2.162651668298873064e-01
1.000000000000000000e+01,3.246524673583497389e-01
1.100000000000000000e+01,4.578333617716142667e-01
1.200000000000000000e+01,6.065306597126334243e-01
1.300000000000000000e+01,7.548396019890073472e-01
1.400000000000000000e+01,8.824969025845953441e-01
1.500000000000000000e+01,9.692332344763441299e-01
1.600000000000000000e+01,1.000000000000000000e+00
1.700000000000000000e+01,9.692332344763441299e-01
1.800000000000000000e+01,8.824969025845953441e-01
1.900000000000000000e+01,7.548396019890073472e-01
2.000000000000000000e+01,6.065306597126334243e-01
2.100000000000000000e+01,4.578333617716142667e-01
2.200000000000000000e+01,3.246524673583497389e-01
2.300000000000000000e+01,2.162651668298873064e-01
2.400000000000000000e+01,1.353352832366127023e-01
2.500000000000000000e+01,7.955950871822768666e-02
2.600000000000000000e+01,4.393693362340741343e-02
2.700000000000000000e+01,2.279418088361234371e-02
2.800000000000000000e+01,1.110899653824230608e-02
2.900000000000000000e+01,5.086069231012700642e-03
3.000000000000000000e+01,2.187491118182885094e-03
3.100000000000000000e+01,8.838263069350499584e-04
3.200000000000000000e+01,3.354626279025118532e-04
3.300000000000000000e+01,1.196128835810243658e-04
3.400000000000000000e+01,4.006529739295106870e-05
3.500000000000000000e+01,1.260710517704852271e-05
3.600000000000000000e+01,3.726653172078670938e-06
3.700000000000000000e+01,1.034854211109375308e-06
3.800000000000000000e+01,2.699578503363014081e-07
3.900000000000000000e+01,6.615601637697700809e-08
4.000000000000000000e+01,1.522997974471262915e-08
4.100000000000000000e+01,3.293714110306080918e-09
4.200000000000000000e+01,6.691586091292781558e-10
4.300000000000000000e+01,1.277111554512833423e-10
4.400000000000000000e+01,2.289734845645552983e-11
4.500000000000000000e+01,3.856542728469724192e-12
4.600000000000000000e+01,6.101936677605323931e-13
4.700000000000000000e+01,9.069719177099092305e-14
4.800000000000000000e+01,1.266416554909417554e-14
